Service,Method,Path,Group,Назначение,Auth,Input,Output,Где используется
admin_api,GET,/,other,Root,none/implicit,none,200: application/json:none,backend:backend.apps.admin_api.main:root
admin_api,POST,/api/hh-integration/webhooks/{webhook_key},webhooks,Receive Hh Webhook,webhook_key in path,params: webhook_key(path:string),200: application/json:none,backend:backend.apps.hh_integration_webhooks:receive_hh_webhook
admin_api,POST,/api/hh-sync/callback,webhooks,Hh Sync Callback,X-Webhook-Secret header,params: x-webhook-secret(header:schema); body: application/json:SyncCallbackRequest,200: application/json:none,backend:backend.apps.admin_api.hh_sync:hh_sync_callback
admin_api,POST,/api/hh-sync/resolve-callback,webhooks,Hh Resolve Callback,X-Webhook-Secret header,params: x-webhook-secret(header:schema); body: application/json:ResolveCallbackRequest,200: application/json:none,backend:backend.apps.admin_api.hh_sync:hh_resolve_callback
admin_api,POST,/api/slot-assignments/{assignment_id}/confirm,scheduling,Api Confirm Slot Assignment,session cookie or bearer token + CSRF,params: assignment_id(path:integer); body: application/json:SlotAssignmentConfirmRequest,200: application/json:none,backend:backend.apps.admin_api.slot_assignments:api_confirm_slot_assignment
admin_api,POST,/api/slot-assignments/{assignment_id}/request-reschedule,scheduling,Api Request Reschedule,session cookie or bearer token + CSRF,params: assignment_id(path:integer); body: application/json:SlotAssignmentRescheduleRequest,200: application/json:none,backend:backend.apps.admin_api.slot_assignments:api_request_reschedule
admin_api,POST,/api/webapp/booking,tg-webapp,Create Booking,Telegram initData header (X-Telegram-Init-Data),params: X-Telegram-Init-Data(header:string); body: application/json:CreateBookingRequest,201: application/json:BookingInfo,backend:backend.apps.admin_api.webapp.routers:create_booking
admin_api,POST,/api/webapp/cancel,tg-webapp,Cancel Booking,Telegram initData header (X-Telegram-Init-Data),params: X-Telegram-Init-Data(header:string); body: application/json:CancelBookingRequest,204: no body,backend:backend.apps.admin_api.webapp.routers:cancel_booking
admin_api,GET,/api/webapp/intro_day,tg-webapp,Get Intro Day Info,Telegram initData header (X-Telegram-Init-Data),"params: city_id(query:integer), X-Telegram-Init-Data(header:string)",200: application/json:IntroDayInfo,backend:backend.apps.admin_api.webapp.routers:get_intro_day_info
admin_api,GET,/api/webapp/me,tg-webapp,Get Me,Telegram initData header (X-Telegram-Init-Data),params: X-Telegram-Init-Data(header:string),200: application/json:CandidateInfo,backend:backend.apps.admin_api.webapp.routers:get_me
admin_api,GET,/api/webapp/recruiter/candidates/{candidate_id},tg-webapp,Recruiter Candidate Detail,Telegram initData header (X-Telegram-Init-Data),"params: candidate_id(path:integer), X-Telegram-Init-Data(header:string)",200: application/json:CandidateDetailResponse,backend:backend.apps.admin_api.webapp.recruiter_routers:recruiter_candidate_detail; frontend:frontend/app/src/app/routes/tg-app/candidate.tsx
admin_api,POST,/api/webapp/recruiter/candidates/{candidate_id}/message,tg-webapp,Recruiter Send Message,Telegram initData header (X-Telegram-Init-Data),"params: candidate_id(path:integer), X-Telegram-Init-Data(header:string); body: application/json:MessageRequest",200: application/json:SuccessResponse,backend:backend.apps.admin_api.webapp.recruiter_routers:recruiter_send_message
admin_api,POST,/api/webapp/recruiter/candidates/{candidate_id}/notes,tg-webapp,Recruiter Save Note,Telegram initData header (X-Telegram-Init-Data),"params: candidate_id(path:integer), X-Telegram-Init-Data(header:string); body: application/json:NoteRequest",200: application/json:SuccessResponse,backend:backend.apps.admin_api.webapp.recruiter_routers:recruiter_save_note
admin_api,POST,/api/webapp/recruiter/candidates/{candidate_id}/status,tg-webapp,Recruiter Update Status,Telegram initData header (X-Telegram-Init-Data),"params: candidate_id(path:integer), X-Telegram-Init-Data(header:string); body: application/json:StatusUpdateRequest",200: application/json:SuccessResponse,backend:backend.apps.admin_api.webapp.recruiter_routers:recruiter_update_status; frontend:frontend/app/src/app/routes/tg-app/candidate.tsx
admin_api,GET,/api/webapp/recruiter/dashboard,tg-webapp,Recruiter Dashboard,Telegram initData header (X-Telegram-Init-Data),params: X-Telegram-Init-Data(header:string),200: application/json:DashboardResponse,backend:backend.apps.admin_api.webapp.recruiter_routers:recruiter_dashboard; frontend:frontend/app/src/app/routes/tg-app/index.tsx
admin_api,GET,/api/webapp/recruiter/incoming,tg-webapp,Recruiter Incoming,Telegram initData header (X-Telegram-Init-Data),"params: limit(query:integer), X-Telegram-Init-Data(header:string)",200: application/json:IncomingResponse,backend:backend.apps.admin_api.webapp.recruiter_routers:recruiter_incoming; frontend:frontend/app/src/app/routes/tg-app/incoming.tsx
admin_api,POST,/api/webapp/reschedule,tg-webapp,Reschedule Booking,Telegram initData header (X-Telegram-Init-Data),params: X-Telegram-Init-Data(header:string); body: application/json:RescheduleBookingRequest,200: application/json:BookingInfo,backend:backend.apps.admin_api.webapp.routers:reschedule_booking
admin_api,GET,/api/webapp/slots,tg-webapp,Get Available Slots,Telegram initData header (X-Telegram-Init-Data),"params: city_id(query:schema), from_date(query:schema), to_date(query:schema), X-Telegram-Init-Data(header:string)",200: application/json:array<SlotInfo>,backend:backend.apps.admin_api.webapp.routers:get_available_slots
admin_api,GET,/health,analytics,Health Check,none/implicit,none,200: application/json:none,backend:backend.apps.admin_api.main:health_check
admin_ui,GET,/,other,Index,session cookie or bearer token,none,200: text/html:string,backend:backend.apps.admin_ui.routers.dashboard:index
admin_ui,GET,/.well-known/appspecific/com.chrome.devtools.json,other,devtools_probe,none/implicit,none,unknown,backend:backend.apps.admin_ui.routers.system:devtools_probe
admin_ui,POST,/api/ai/candidates/{candidate_id}/chat/drafts,ai,Api Ai Chat Drafts,session cookie or bearer token + CSRF,params: candidate_id(path:integer),200: application/json:none,backend:backend.apps.admin_ui.routers.ai:api_ai_chat_drafts; frontend:frontend/app/src/api/services/candidates.ts
admin_ui,GET,/api/ai/candidates/{candidate_id}/coach,ai,Api Ai Candidate Coach,session cookie or bearer token,params: candidate_id(path:integer),200: application/json:none,backend:backend.apps.admin_ui.routers.ai:api_ai_candidate_coach; frontend:frontend/app/src/api/services/candidates.ts
admin_ui,POST,/api/ai/candidates/{candidate_id}/coach/drafts,ai,Api Ai Candidate Coach Drafts,session cookie or bearer token + CSRF,params: candidate_id(path:integer),200: application/json:none,backend:backend.apps.admin_ui.routers.ai:api_ai_candidate_coach_drafts; frontend:frontend/app/src/api/services/candidates.ts
admin_ui,POST,/api/ai/candidates/{candidate_id}/coach/refresh,ai,Api Ai Candidate Coach Refresh,session cookie or bearer token + CSRF,params: candidate_id(path:integer),200: application/json:none,backend:backend.apps.admin_ui.routers.ai:api_ai_candidate_coach_refresh; frontend:frontend/app/src/api/services/candidates.ts
admin_ui,PUT,/api/ai/candidates/{candidate_id}/hh-resume,ai,Api Ai Candidate Hh Resume Upsert,session cookie or bearer token + CSRF,params: candidate_id(path:integer),200: application/json:none,backend:backend.apps.admin_ui.routers.ai:api_ai_candidate_hh_resume_upsert; frontend:frontend/app/src/api/services/candidates.ts
admin_ui,GET,/api/ai/candidates/{candidate_id}/interview-script,ai,Api Ai Candidate Interview Script,session cookie or bearer token,params: candidate_id(path:integer),200: application/json:none,backend:backend.apps.admin_ui.routers.ai:api_ai_candidate_interview_script; frontend:frontend/app/src/api/services/candidates.ts
admin_ui,POST,/api/ai/candidates/{candidate_id}/interview-script/feedback,ai,Api Ai Candidate Interview Script Feedback,session cookie or bearer token + CSRF,params: candidate_id(path:integer),200: application/json:none,backend:backend.apps.admin_ui.routers.ai:api_ai_candidate_interview_script_feedback; frontend:frontend/app/src/api/services/candidates.ts
admin_ui,POST,/api/ai/candidates/{candidate_id}/interview-script/refresh,ai,Api Ai Candidate Interview Script Refresh,session cookie or bearer token + CSRF,params: candidate_id(path:integer),200: application/json:none,backend:backend.apps.admin_ui.routers.ai:api_ai_candidate_interview_script_refresh; frontend:frontend/app/src/api/services/candidates.ts
admin_ui,GET,/api/ai/candidates/{candidate_id}/summary,ai,Api Ai Candidate Summary,session cookie or bearer token,params: candidate_id(path:integer),200: application/json:none,backend:backend.apps.admin_ui.routers.ai:api_ai_candidate_summary; frontend:frontend/app/src/api/services/candidates.ts
admin_ui,POST,/api/ai/candidates/{candidate_id}/summary/refresh,ai,Api Ai Candidate Summary Refresh,session cookie or bearer token + CSRF,params: candidate_id(path:integer),200: application/json:none,backend:backend.apps.admin_ui.routers.ai:api_ai_candidate_summary_refresh; frontend:frontend/app/src/api/services/candidates.ts
admin_ui,GET,/api/ai/chat,ai,Api Ai Agent Chat State,session cookie or bearer token,none,200: application/json:none,backend:backend.apps.admin_ui.routers.ai:api_ai_agent_chat_state; frontend:frontend/app/src/app/routes/app/copilot.tsx
admin_ui,POST,/api/ai/chat/message,ai,Api Ai Agent Chat Send,session cookie or bearer token + CSRF,none,200: application/json:none,backend:backend.apps.admin_ui.routers.ai:api_ai_agent_chat_send; frontend:frontend/app/src/app/routes/app/copilot.tsx
admin_ui,GET,/api/ai/cities/{city_id}/candidates/recommendations,ai,Api Ai City Candidate Recommendations,session cookie or bearer token,"params: city_id(path:integer), limit(query:integer)",200: application/json:none,backend:backend.apps.admin_ui.routers.ai:api_ai_city_candidate_recommendations; frontend:frontend/app/src/app/routes/app/candidates.tsx
admin_ui,POST,/api/ai/cities/{city_id}/candidates/recommendations/refresh,ai,Api Ai City Candidate Recommendations Refresh,session cookie or bearer token + CSRF,params: city_id(path:integer),200: application/json:none,backend:backend.apps.admin_ui.routers.ai:api_ai_city_candidate_recommendations_refresh
admin_ui,POST,/api/ai/dashboard/insights,ai,Api Ai Dashboard Insights,session cookie or bearer token + CSRF,none,200: application/json:none,backend:backend.apps.admin_ui.routers.ai:api_ai_dashboard_insights
admin_ui,POST,/api/bot/cities/refresh,other,Api Bot Cities Refresh,session cookie or bearer token + CSRF,none,200: application/json:none,backend:backend.apps.admin_ui.routers.api_misc:api_bot_cities_refresh; frontend:frontend/app/src/api/services/system.ts
admin_ui,GET,/api/bot/integration,other,Api Bot Integration Status,session cookie or bearer token,none,200: application/json:none,backend:backend.apps.admin_ui.routers.api_misc:api_bot_integration_status; frontend:frontend/app/src/api/services/system.ts
admin_ui,POST,/api/bot/integration,other,Api Bot Integration Update,session cookie or bearer token + CSRF,none,200: application/json:none,backend:backend.apps.admin_ui.routers.api_misc:api_bot_integration_update; frontend:frontend/app/src/api/services/system.ts
admin_ui,DELETE,/api/bot/reminder-jobs/{job_id:path},other,api_cancel_reminder_job,session cookie or bearer token + CSRF,none,unknown,backend:backend.apps.admin_ui.routers.api_misc:api_cancel_reminder_job; frontend:frontend/app/src/app/routes/app/reminder-ops.tsx
admin_ui,GET,/api/bot/reminder-policy,other,Api Bot Reminder Policy,session cookie or bearer token,none,200: application/json:none,backend:backend.apps.admin_ui.routers.api_misc:api_bot_reminder_policy; frontend:frontend/app/src/api/services/system.ts
admin_ui,PUT,/api/bot/reminder-policy,other,Api Bot Reminder Policy Update,session cookie or bearer token + CSRF,none,200: application/json:none,backend:backend.apps.admin_ui.routers.api_misc:api_bot_reminder_policy_update; frontend:frontend/app/src/api/services/system.ts
admin_ui,GET,/api/bot/reminders/jobs,other,Api Bot Reminder Jobs,session cookie or bearer token,"params: limit(query:integer), kind(query:schema), slot_id(query:schema), candidate_tg_id(query:schema)",200: application/json:none,backend:backend.apps.admin_ui.routers.api_misc:api_bot_reminder_jobs; frontend:frontend/app/src/api/services/system.ts
admin_ui,POST,/api/bot/reminders/resync,other,Api Bot Reminder Resync,session cookie or bearer token + CSRF,none,200: application/json:none,backend:backend.apps.admin_ui.routers.api_misc:api_bot_reminder_resync; frontend:frontend/app/src/api/services/system.ts
admin_ui,GET,/api/calendar/events,scheduling,Api Calendar Events,session cookie or bearer token,"params: start(query:string), end(query:string), recruiter_id(query:schema), city_id(query:schema), status(query:schema), include_tasks(query:boolean)",200: application/json:none,backend:backend.apps.admin_ui.routers.api_misc:api_calendar_events; frontend:frontend/app/src/app/components/Calendar/ScheduleCalendar.tsx
admin_ui,POST,/api/calendar/tasks,scheduling,Api Calendar Task Create,session cookie or bearer token + CSRF,body: application/json:CalendarTaskCreatePayload,200: application/json:none,backend:backend.apps.admin_ui.routers.api_misc:api_calendar_task_create; frontend:frontend/app/src/app/routes/app/calendar.tsx
admin_ui,DELETE,/api/calendar/tasks/{task_id},scheduling,Api Calendar Task Delete,session cookie or bearer token + CSRF,params: task_id(path:integer),200: application/json:none,"backend:backend.apps.admin_ui.routers.api_misc:api_calendar_task_delete; frontend:frontend/app/src/app/components/Calendar/ScheduleCalendar.tsx, frontend/app/src/app/routes/app/calendar.tsx"
admin_ui,PATCH,/api/calendar/tasks/{task_id},scheduling,Api Calendar Task Update,session cookie or bearer token + CSRF,params: task_id(path:integer); body: application/json:CalendarTaskUpdatePayload,200: application/json:none,"backend:backend.apps.admin_ui.routers.api_misc:api_calendar_task_update; frontend:frontend/app/src/app/components/Calendar/ScheduleCalendar.tsx, frontend/app/src/app/routes/app/calendar.tsx"
admin_ui,GET,/api/candidate-chat/templates,candidates,Api Candidate Chat Templates,session cookie or bearer token,none,200: application/json:none,backend:backend.apps.admin_ui.routers.api_misc:api_candidate_chat_templates; frontend:frontend/app/src/api/services/messenger.ts
admin_ui,GET,/api/candidate-chat/threads,candidates,Api Candidate Chat Threads,session cookie or bearer token,"params: search(query:schema), unread_only(query:boolean), folder(query:string), limit(query:integer)",200: application/json:none,backend:backend.apps.admin_ui.routers.api_misc:api_candidate_chat_threads; frontend:frontend/app/src/app/routes/__root.tsx
admin_ui,GET,/api/candidate-chat/threads/updates,candidates,Api Candidate Chat Threads Updates,session cookie or bearer token,"params: since(query:schema), timeout(query:integer), search(query:schema), unread_only(query:boolean), folder(query:string), limit(query:integer)",200: application/json:none,backend:backend.apps.admin_ui.routers.api_misc:api_candidate_chat_threads_updates; frontend:frontend/app/src/app/routes/__root.tsx
admin_ui,POST,/api/candidate-chat/threads/{candidate_id}/archive,candidates,Api Candidate Chat Archive,session cookie or bearer token + CSRF,params: candidate_id(path:integer),200: application/json:none,backend:backend.apps.admin_ui.routers.api_misc:api_candidate_chat_archive; frontend:frontend/app/src/api/services/messenger.ts
admin_ui,POST,/api/candidate-chat/threads/{candidate_id}/read,candidates,Api Candidate Chat Mark Read,session cookie or bearer token + CSRF,params: candidate_id(path:integer),200: application/json:none,"backend:backend.apps.admin_ui.routers.api_misc:api_candidate_chat_mark_read; frontend:frontend/app/src/api/services/candidates.ts, frontend/app/src/api/services/messenger.ts"
admin_ui,POST,/api/candidate-chat/threads/{candidate_id}/unarchive,candidates,Api Candidate Chat Unarchive,session cookie or bearer token + CSRF,params: candidate_id(path:integer),200: application/json:none,backend:backend.apps.admin_ui.routers.api_misc:api_candidate_chat_unarchive
admin_ui,GET,/api/candidate-chat/threads/{candidate_id}/workspace,candidates,Api Candidate Chat Workspace,session cookie or bearer token,params: candidate_id(path:integer),200: application/json:none,backend:backend.apps.admin_ui.routers.api_misc:api_candidate_chat_workspace
admin_ui,PUT,/api/candidate-chat/threads/{candidate_id}/workspace,candidates,Api Candidate Chat Workspace Update,session cookie or bearer token + CSRF,params: candidate_id(path:integer); body: application/json:CandidateChatWorkspacePayload,200: application/json:none,backend:backend.apps.admin_ui.routers.api_misc:api_candidate_chat_workspace_update
admin_ui,GET,/api/candidates,candidates,Api Candidates List,session cookie or bearer token,"params: page(query:integer), per_page(query:integer), search(query:schema), state(query:schema), status(query:schema), recruiter_id(query:schema), active(query:schema), pipeline(query:schema), date_from(query:schema), date_to(query:schema), calendar_mode(query:schema)",200: application/json:none,"backend:backend.apps.admin_ui.routers.api_misc:api_candidates_list; frontend:frontend/app/src/api/services/candidates.ts, frontend/app/src/api/services/slots.ts, frontend/app/src/app/routes/app/candidate-new.tsx, frontend/app/src/app/routes/app/candidates.tsx, frontend/app/src/app/routes/app/detailization.tsx"
admin_ui,POST,/api/candidates,candidates,Api Create Candidate,session cookie or bearer token + CSRF,none,201: application/json:none,"backend:backend.apps.admin_ui.routers.api_misc:api_create_candidate; frontend:frontend/app/src/api/services/candidates.ts, frontend/app/src/api/services/slots.ts, frontend/app/src/app/routes/app/candidate-new.tsx, frontend/app/src/app/routes/app/candidates.tsx, frontend/app/src/app/routes/app/detailization.tsx"
admin_ui,DELETE,/api/candidates/{candidate_id},candidates,Api Candidate Delete,session cookie or bearer token + CSRF,params: candidate_id(path:integer),200: application/json:none,"backend:backend.apps.admin_ui.routers.api_misc:api_candidate_delete; frontend:frontend/app/src/api/services/candidates.ts, frontend/app/src/app/routes/app/candidates.tsx"
admin_ui,GET,/api/candidates/{candidate_id},candidates,Api Candidate,session cookie or bearer token,params: candidate_id(path:integer),200: application/json:none,"backend:backend.apps.admin_ui.routers.api_misc:api_candidate; frontend:frontend/app/src/api/services/candidates.ts, frontend/app/src/app/routes/app/candidates.tsx"
admin_ui,POST,/api/candidates/{candidate_id}/actions/{action_key},candidates,Api Candidate Action,session cookie or bearer token + CSRF,"params: candidate_id(path:integer), action_key(path:string)",200: application/json:none,backend:backend.apps.admin_ui.routers.api_misc:api_candidate_action; frontend:frontend/app/src/api/services/candidates.ts
admin_ui,POST,/api/candidates/{candidate_id}/assign-recruiter,candidates,Api Assign Candidate Recruiter,session cookie or bearer token + CSRF,params: candidate_id(path:integer),200: application/json:none,backend:backend.apps.admin_ui.routers.api_misc:api_assign_candidate_recruiter; frontend:frontend/app/src/app/routes/app/incoming.tsx
admin_ui,GET,/api/candidates/{candidate_id}/available-slots,candidates,Api Candidate Available Slots,session cookie or bearer token,"params: candidate_id(path:integer), limit(query:integer)",200: application/json:none,backend:backend.apps.admin_ui.routers.api_misc:api_candidate_available_slots; frontend:frontend/app/src/app/routes/app/incoming.tsx
admin_ui,GET,/api/candidates/{candidate_id}/channel-health,candidates,Api Candidate Channel Health,session cookie or bearer token,params: candidate_id(path:integer),200: application/json:none,backend:backend.apps.admin_ui.routers.api_misc:api_candidate_channel_health; frontend:frontend/app/src/api/services/candidates.ts
admin_ui,GET,/api/candidates/{candidate_id}/chat,candidates,Api Chat History,session cookie or bearer token,"params: candidate_id(path:integer), limit(query:integer), before(query:schema)",200: application/json:none,"backend:backend.apps.admin_ui.routers.api_misc:api_chat_history; frontend:frontend/app/src/api/services/candidates.ts, frontend/app/src/api/services/messenger.ts"
admin_ui,POST,/api/candidates/{candidate_id}/chat,candidates,Api Chat Send,session cookie or bearer token + CSRF,params: candidate_id(path:integer),200: application/json:none,"backend:backend.apps.admin_ui.routers.api_misc:api_chat_send; frontend:frontend/app/src/api/services/candidates.ts, frontend/app/src/api/services/messenger.ts"
admin_ui,POST,/api/candidates/{candidate_id}/chat/quick-action,candidates,Api Chat Quick Action,session cookie or bearer token + CSRF,params: candidate_id(path:integer); body: application/json:CandidateChatQuickActionPayload,200: application/json:none,backend:backend.apps.admin_ui.routers.api_misc:api_chat_quick_action; frontend:frontend/app/src/api/services/messenger.ts
admin_ui,GET,/api/candidates/{candidate_id}/chat/updates,candidates,Api Chat History Updates,session cookie or bearer token,"params: candidate_id(path:integer), since(query:schema), timeout(query:integer), limit(query:integer)",200: application/json:none,backend:backend.apps.admin_ui.routers.api_misc:api_chat_history_updates
admin_ui,POST,/api/candidates/{candidate_id}/chat/{message_id}/retry,candidates,Api Chat Retry,session cookie or bearer token + CSRF,"params: candidate_id(path:integer), message_id(path:integer)",200: application/json:none,backend:backend.apps.admin_ui.routers.api_misc:api_chat_retry
admin_ui,GET,/api/candidates/{candidate_id}/cohort-comparison,candidates,Api Candidate Cohort Comparison,session cookie or bearer token,params: candidate_id(path:integer),200: application/json:none,backend:backend.apps.admin_ui.routers.api_misc:api_candidate_cohort_comparison; frontend:frontend/app/src/api/services/candidates.ts
admin_ui,GET,/api/candidates/{candidate_id}/hh,candidates,Api Candidate Hh Summary,session cookie or bearer token,params: candidate_id(path:integer),200: application/json:none,backend:backend.apps.admin_ui.routers.api_misc:api_candidate_hh_summary; frontend:frontend/app/src/api/services/candidates.ts
admin_ui,POST,/api/candidates/{candidate_id}/kanban-status,candidates,Api Candidate Kanban Status,session cookie or bearer token + CSRF,params: candidate_id(path:integer); body: application/json:CandidateKanbanMovePayload,200: application/json:none,backend:backend.apps.admin_ui.routers.api_misc:api_candidate_kanban_status; frontend:frontend/app/src/app/routes/app/candidates.tsx
admin_ui,POST,/api/candidates/{candidate_id}/schedule-intro-day,candidates,Api Schedule Intro Day,session cookie or bearer token + CSRF,params: candidate_id(path:integer),200: application/json:none,backend:backend.apps.admin_ui.routers.api_misc:api_schedule_intro_day; frontend:frontend/app/src/api/services/candidates.ts
admin_ui,POST,/api/candidates/{candidate_id}/schedule-slot,candidates,Api Schedule Slot,session cookie or bearer token + CSRF,params: candidate_id(path:integer),200: application/json:none,"backend:backend.apps.admin_ui.routers.api_misc:api_schedule_slot; frontend:frontend/app/src/api/services/candidates.ts, frontend/app/src/api/services/dashboard.ts, frontend/app/src/api/services/slots.ts, frontend/app/src/app/routes/app/candidate-new.tsx, frontend/app/src/app/routes/app/incoming.tsx"
admin_ui,GET,/api/cities,other,Api Cities,session cookie or bearer token,none,200: application/json:none,"backend:backend.apps.admin_ui.routers.directory:api_cities; frontend:frontend/app/src/api/services/candidates.ts, frontend/app/src/app/routes/app/calendar.tsx, frontend/app/src/app/routes/app/candidate-new.tsx, frontend/app/src/app/routes/app/candidates.tsx, frontend/app/src/app/routes/app/cities.tsx"
admin_ui,POST,/api/cities,other,Api Create City,session cookie or bearer token + CSRF,none,201: application/json:none,"backend:backend.apps.admin_ui.routers.directory:api_create_city; frontend:frontend/app/src/api/services/candidates.ts, frontend/app/src/app/routes/app/calendar.tsx, frontend/app/src/app/routes/app/candidate-new.tsx, frontend/app/src/app/routes/app/candidates.tsx, frontend/app/src/app/routes/app/cities.tsx"
admin_ui,DELETE,/api/cities/{city_id},other,Api Delete City,session cookie or bearer token + CSRF,params: city_id(path:integer),200: application/json:none,"backend:backend.apps.admin_ui.routers.directory:api_delete_city; frontend:frontend/app/src/app/routes/app/cities.tsx, frontend/app/src/app/routes/app/city-edit.tsx"
admin_ui,GET,/api/cities/{city_id},other,Api City Detail,session cookie or bearer token,params: city_id(path:integer),200: application/json:none,"backend:backend.apps.admin_ui.routers.directory:api_city_detail; frontend:frontend/app/src/app/routes/app/cities.tsx, frontend/app/src/app/routes/app/city-edit.tsx"
admin_ui,PUT,/api/cities/{city_id},other,Api Update City,session cookie or bearer token + CSRF,params: city_id(path:integer),200: application/json:none,"backend:backend.apps.admin_ui.routers.directory:api_update_city; frontend:frontend/app/src/app/routes/app/cities.tsx, frontend/app/src/app/routes/app/city-edit.tsx"
admin_ui,GET,/api/cities/{city_id}/hh-vacancies,vacancies,Api City Hh Vacancies,session cookie or bearer token,params: city_id(path:integer),200: application/json:none,backend:backend.apps.admin_ui.routers.directory:api_city_hh_vacancies; frontend:frontend/app/src/app/routes/app/city-edit.tsx
admin_ui,DELETE,/api/cities/{city_id}/reminder-policy,other,Api Delete City Reminder Policy,session cookie or bearer token + CSRF,params: city_id(path:integer),200: application/json:none,backend:backend.apps.admin_ui.routers.directory:api_delete_city_reminder_policy; frontend:frontend/app/src/app/routes/app/city-edit.tsx
admin_ui,GET,/api/cities/{city_id}/reminder-policy,other,Api Get City Reminder Policy,session cookie or bearer token,params: city_id(path:integer),200: application/json:none,backend:backend.apps.admin_ui.routers.directory:api_get_city_reminder_policy; frontend:frontend/app/src/app/routes/app/city-edit.tsx
admin_ui,PUT,/api/cities/{city_id}/reminder-policy,other,Api Upsert City Reminder Policy,session cookie or bearer token + CSRF,params: city_id(path:integer),200: application/json:none,backend:backend.apps.admin_ui.routers.directory:api_upsert_city_reminder_policy; frontend:frontend/app/src/app/routes/app/city-edit.tsx
admin_ui,GET,/api/city_owners,other,Api City Owners,session cookie or bearer token,none,200: application/json:none,backend:backend.apps.admin_ui.routers.api_misc:api_city_owners
admin_ui,GET,/api/csrf,other,Api Csrf,session cookie or bearer token,none,200: application/json:none,backend:backend.apps.admin_ui.routers.api_misc:api_csrf
admin_ui,GET,/api/dashboard/calendar,analytics,Api Dashboard Calendar,session cookie or bearer token,"params: date(query:schema), days(query:integer), recruiter(query:schema)",200: application/json:none,backend:backend.apps.admin_ui.routers.api_misc:api_dashboard_calendar
admin_ui,GET,/api/dashboard/funnel,analytics,Api Dashboard Funnel,session cookie or bearer token,"params: from(query:schema), to(query:schema), city(query:schema), recruiter(query:schema), source(query:schema)",200: application/json:none,backend:backend.apps.admin_ui.routers.api_misc:api_dashboard_funnel
admin_ui,GET,/api/dashboard/incoming,analytics,Api Dashboard Incoming,session cookie or bearer token,params: limit(query:integer),200: application/json:none,"backend:backend.apps.admin_ui.routers.api_misc:api_dashboard_incoming; frontend:frontend/app/src/api/services/dashboard.ts, frontend/app/src/app/routes/app/incoming.tsx"
admin_ui,GET,/api/dashboard/recruiter-performance,analytics,Api Dashboard Recruiter Performance,session cookie or bearer token,"params: from(query:schema), to(query:schema), city(query:schema)",200: application/json:none,backend:backend.apps.admin_ui.routers.api_misc:api_dashboard_recruiter_performance; frontend:frontend/app/src/api/services/dashboard.ts
admin_ui,GET,/api/dashboard/summary,analytics,Api Dashboard Summary,session cookie or bearer token,none,200: application/json:none,backend:backend.apps.admin_ui.routers.api_misc:api_dashboard_summary; frontend:frontend/app/src/api/services/dashboard.ts
admin_ui,GET,/api/detailization,other,Api Detailization List,session cookie or bearer token,"params: date_from(query:schema), date_to(query:schema)",200: application/json:none,backend:backend.apps.admin_ui.routers.detailization:api_detailization_list; frontend:frontend/app/src/app/routes/app/detailization.tsx
admin_ui,POST,/api/detailization,other,Api Detailization Create,session cookie or bearer token + CSRF,body: application/json:DetailizationCreatePayload,200: application/json:none,backend:backend.apps.admin_ui.routers.detailization:api_detailization_create; frontend:frontend/app/src/app/routes/app/detailization.tsx
admin_ui,GET,/api/detailization/export.csv,other,Api Detailization Export,session cookie or bearer token,"params: date_from(query:schema), date_to(query:schema)",200: application/json:none,backend:backend.apps.admin_ui.routers.detailization:api_detailization_export
admin_ui,DELETE,/api/detailization/{entry_id},other,Api Detailization Delete,session cookie or bearer token + CSRF,params: entry_id(path:integer),200: application/json:none,backend:backend.apps.admin_ui.routers.detailization:api_detailization_delete; frontend:frontend/app/src/app/routes/app/detailization.tsx
admin_ui,PATCH,/api/detailization/{entry_id},other,Api Detailization Update,session cookie or bearer token + CSRF,params: entry_id(path:integer); body: application/json:DetailizationUpdatePayload,200: application/json:none,backend:backend.apps.admin_ui.routers.detailization:api_detailization_update; frontend:frontend/app/src/app/routes/app/detailization.tsx
admin_ui,GET,/api/health,analytics,Api Health,session cookie or bearer token,none,200: application/json:none,backend:backend.apps.admin_ui.routers.api_misc:api_health; frontend:frontend/app/src/api/services/system.ts
admin_ui,POST,/api/hh-integration/webhooks/{webhook_key},webhooks,Receive Hh Webhook,webhook_key in path,params: webhook_key(path:string),200: application/json:none,backend:backend.apps.hh_integration_webhooks:receive_hh_webhook
admin_ui,GET,/api/integrations/hh/candidates/{candidate_id}/actions,integrations,Get Hh Candidate Actions,session cookie or bearer token,params: candidate_id(path:integer),200: application/json:none,backend:backend.apps.admin_ui.routers.hh_integration:get_hh_candidate_actions
admin_ui,POST,/api/integrations/hh/candidates/{candidate_id}/actions/{action_id},integrations,Execute Hh Candidate Action,session cookie or bearer token + CSRF,"params: candidate_id(path:integer), action_id(path:string); body: application/json:HHActionExecuteRequest",200: application/json:none,backend:backend.apps.admin_ui.routers.hh_integration:execute_hh_candidate_action
admin_ui,GET,/api/integrations/hh/connection,integrations,Get Hh Connection,session cookie or bearer token,none,200: application/json:none,backend:backend.apps.admin_ui.routers.hh_integration:get_hh_connection; frontend:frontend/app/src/api/services/hh-integration.ts
admin_ui,POST,/api/integrations/hh/import/negotiations,integrations,Import Hh Negotiations Route,session cookie or bearer token + CSRF,"params: vacancy_id(query:schema), fetch_resume_details(query:boolean)",200: application/json:none,backend:backend.apps.admin_ui.routers.hh_integration:import_hh_negotiations_route
admin_ui,POST,/api/integrations/hh/import/vacancies,vacancies,Import Hh Vacancies Route,session cookie or bearer token + CSRF,none,200: application/json:none,backend:backend.apps.admin_ui.routers.hh_integration:import_hh_vacancies_route; frontend:frontend/app/src/api/services/hh-integration.ts
admin_ui,GET,/api/integrations/hh/jobs,integrations,Get Hh Sync Jobs,session cookie or bearer token,"params: limit(query:integer), status(query:schema)",200: application/json:none,backend:backend.apps.admin_ui.routers.hh_integration:get_hh_sync_jobs; frontend:frontend/app/src/api/services/hh-integration.ts
admin_ui,POST,/api/integrations/hh/jobs/import/negotiations,integrations,Enqueue Hh Negotiations Import Job,session cookie or bearer token + CSRF,"params: vacancy_id(query:schema), fetch_resume_details(query:boolean)",200: application/json:none,backend:backend.apps.admin_ui.routers.hh_integration:enqueue_hh_negotiations_import_job
admin_ui,POST,/api/integrations/hh/jobs/import/vacancies,vacancies,Enqueue Hh Vacancies Import Job,session cookie or bearer token + CSRF,none,200: application/json:none,backend:backend.apps.admin_ui.routers.hh_integration:enqueue_hh_vacancies_import_job; frontend:frontend/app/src/api/services/hh-integration.ts
admin_ui,POST,/api/integrations/hh/jobs/{job_id}/retry,integrations,Retry Hh Job,session cookie or bearer token + CSRF,params: job_id(path:integer),200: application/json:none,backend:backend.apps.admin_ui.routers.hh_integration:retry_hh_job; frontend:frontend/app/src/api/services/hh-integration.ts
admin_ui,GET,/api/integrations/hh/oauth/authorize,integrations,Get Hh Authorize Url,session cookie or bearer token,params: return_to(query:schema),200: application/json:none,backend:backend.apps.admin_ui.routers.hh_integration:get_hh_authorize_url
admin_ui,GET,/api/integrations/hh/oauth/callback,integrations,Hh Oauth Callback,session cookie or bearer token,"params: code(query:schema), state(query:schema), error(query:schema)",200: application/json:none,backend:backend.apps.admin_ui.routers.hh_integration:hh_oauth_callback
admin_ui,POST,/api/integrations/hh/oauth/refresh,integrations,Refresh Hh Connection Tokens,session cookie or bearer token + CSRF,none,200: application/json:none,backend:backend.apps.admin_ui.routers.hh_integration:refresh_hh_connection_tokens; frontend:frontend/app/src/api/services/hh-integration.ts
admin_ui,GET,/api/integrations/hh/webhooks,integrations,List Hh Webhooks,session cookie or bearer token,none,200: application/json:none,backend:backend.apps.admin_ui.routers.hh_integration:list_hh_webhooks; frontend:frontend/app/src/api/services/hh-integration.ts
admin_ui,POST,/api/integrations/hh/webhooks/register,webhooks,Register Hh Webhooks,session cookie or bearer token + CSRF,none,200: application/json:none,backend:backend.apps.admin_ui.routers.hh_integration:register_hh_webhooks; frontend:frontend/app/src/api/services/hh-integration.ts
admin_ui,GET,/api/kb/documents,other,Api Kb Documents List,session cookie or bearer token,none,200: application/json:none,backend:backend.apps.admin_ui.routers.knowledge_base:api_kb_documents_list; frontend:frontend/app/src/app/routes/app/copilot.tsx
admin_ui,POST,/api/kb/documents,other,Api Kb Document Create,session cookie or bearer token + CSRF,none,200: application/json:none,backend:backend.apps.admin_ui.routers.knowledge_base:api_kb_document_create; frontend:frontend/app/src/app/routes/app/copilot.tsx
admin_ui,DELETE,/api/kb/documents/{document_id},other,Api Kb Document Delete,session cookie or bearer token + CSRF,params: document_id(path:integer),200: application/json:none,backend:backend.apps.admin_ui.routers.knowledge_base:api_kb_document_delete; frontend:frontend/app/src/app/routes/app/copilot.tsx
admin_ui,GET,/api/kb/documents/{document_id},other,Api Kb Document Get,session cookie or bearer token,params: document_id(path:integer),200: application/json:none,backend:backend.apps.admin_ui.routers.knowledge_base:api_kb_document_get; frontend:frontend/app/src/app/routes/app/copilot.tsx
admin_ui,PUT,/api/kb/documents/{document_id},other,Api Kb Document Update,session cookie or bearer token + CSRF,params: document_id(path:integer),200: application/json:none,backend:backend.apps.admin_ui.routers.knowledge_base:api_kb_document_update; frontend:frontend/app/src/app/routes/app/copilot.tsx
admin_ui,POST,/api/kb/documents/{document_id}/reindex,other,Api Kb Document Reindex,session cookie or bearer token + CSRF,params: document_id(path:integer),200: application/json:none,backend:backend.apps.admin_ui.routers.knowledge_base:api_kb_document_reindex; frontend:frontend/app/src/app/routes/app/copilot.tsx
admin_ui,GET,/api/kpis/current,analytics,Api Weekly Kpis,session cookie or bearer token,"params: company_tz(query:schema), recruiter(query:schema)",200: application/json:none,backend:backend.apps.admin_ui.routers.api_misc:api_weekly_kpis; frontend:frontend/app/src/api/services/profile.ts
admin_ui,GET,/api/kpis/history,analytics,Api Weekly History,session cookie or bearer token,"params: limit(query:integer), offset(query:integer)",200: application/json:none,backend:backend.apps.admin_ui.routers.api_misc:api_weekly_history
admin_ui,GET,/api/message-templates,messages,Api Message Templates,session cookie or bearer token,"params: city(query:schema), key(query:schema), channel(query:schema), status(query:schema)",200: application/json:none,"backend:backend.apps.admin_ui.routers.content_api:api_message_templates; frontend:frontend/app/src/app/routes/app/message-templates.tsx, frontend/app/src/app/routes/app/template-list.tsx"
admin_ui,POST,/api/message-templates,messages,Api Create Message Template,session cookie or bearer token + CSRF,none,201: application/json:none,"backend:backend.apps.admin_ui.routers.content_api:api_create_message_template; frontend:frontend/app/src/app/routes/app/message-templates.tsx, frontend/app/src/app/routes/app/template-list.tsx"
admin_ui,GET,/api/message-templates/context-keys,messages,Api Message Template Context Keys,session cookie or bearer token,none,200: application/json:none,"backend:backend.apps.admin_ui.routers.content_api:api_message_template_context_keys; frontend:frontend/app/src/app/routes/app/message-templates.tsx, frontend/app/src/app/routes/app/template-edit.tsx"
admin_ui,POST,/api/message-templates/preview,messages,Api Message Template Preview,session cookie or bearer token + CSRF,none,200: application/json:none,"backend:backend.apps.admin_ui.routers.content_api:api_message_template_preview; frontend:frontend/app/src/app/routes/app/message-templates.tsx, frontend/app/src/app/routes/app/template-edit.tsx"
admin_ui,DELETE,/api/message-templates/{template_id},messages,Api Delete Message Template,session cookie or bearer token + CSRF,params: template_id(path:integer),200: application/json:none,backend:backend.apps.admin_ui.routers.content_api:api_delete_message_template; frontend:frontend/app/src/app/routes/app/message-templates.tsx
admin_ui,PUT,/api/message-templates/{template_id},messages,Api Update Message Template,session cookie or bearer token + CSRF,params: template_id(path:integer),200: application/json:none,backend:backend.apps.admin_ui.routers.content_api:api_update_message_template; frontend:frontend/app/src/app/routes/app/message-templates.tsx
admin_ui,GET,/api/message-templates/{template_id}/history,messages,Api Message Template History,session cookie or bearer token,params: template_id(path:integer),200: application/json:none,backend:backend.apps.admin_ui.routers.content_api:api_message_template_history; frontend:frontend/app/src/app/routes/app/message-templates.tsx
admin_ui,GET,/api/notifications/feed,messages,Api Notifications Feed,session cookie or bearer token,"params: after_id(query:integer), limit(query:integer), status(query:schema), type(query:schema)",200: application/json:none,backend:backend.apps.admin_ui.routers.api_misc:api_notifications_feed; frontend:frontend/app/src/api/services/system.ts
admin_ui,GET,/api/notifications/logs,messages,Api Notifications Logs,session cookie or bearer token,"params: after_id(query:integer), limit(query:integer), status(query:schema), type(query:schema), candidate_tg_id(query:schema), booking_id(query:schema)",200: application/json:none,backend:backend.apps.admin_ui.routers.api_misc:api_notifications_logs; frontend:frontend/app/src/api/services/system.ts
admin_ui,POST,/api/notifications/{notification_id}/cancel,messages,Api Notifications Cancel,session cookie or bearer token + CSRF,params: notification_id(path:integer),200: application/json:none,backend:backend.apps.admin_ui.routers.api_misc:api_notifications_cancel; frontend:frontend/app/src/api/services/system.ts
admin_ui,POST,/api/notifications/{notification_id}/retry,messages,Api Notifications Retry,session cookie or bearer token + CSRF,params: notification_id(path:integer),200: application/json:none,backend:backend.apps.admin_ui.routers.api_misc:api_notifications_retry; frontend:frontend/app/src/api/services/system.ts
admin_ui,GET,/api/profile,other,Api Profile,session cookie or bearer token,none,200: application/json:none,backend:backend.apps.admin_ui.routers.profile_api:api_profile; frontend:frontend/app/src/api/services/profile.ts
admin_ui,DELETE,/api/profile/avatar,other,Api Profile Avatar Delete,session cookie or bearer token + CSRF,none,200: application/json:none,backend:backend.apps.admin_ui.routers.profile_api:api_profile_avatar_delete; frontend:frontend/app/src/api/services/profile.ts
admin_ui,GET,/api/profile/avatar,other,Api Profile Avatar,session cookie or bearer token,none,200: application/json:none,backend:backend.apps.admin_ui.routers.profile_api:api_profile_avatar; frontend:frontend/app/src/api/services/profile.ts
admin_ui,POST,/api/profile/avatar,other,Api Profile Avatar Upload,session cookie or bearer token + CSRF,body: multipart/form-data:Body_api_profile_avatar_upload_api_profile_avatar_post,200: application/json:none,backend:backend.apps.admin_ui.routers.profile_api:api_profile_avatar_upload; frontend:frontend/app/src/api/services/profile.ts
admin_ui,POST,/api/profile/change-password,other,Api Profile Change Password,session cookie or bearer token + CSRF,body: application/json:ProfilePasswordChangePayload,200: application/json:none,backend:backend.apps.admin_ui.routers.profile_api:api_profile_change_password; frontend:frontend/app/src/api/services/profile.ts
admin_ui,PATCH,/api/profile/settings,other,Api Profile Settings Update,session cookie or bearer token + CSRF,body: application/json:ProfileSettingsUpdatePayload,200: application/json:none,backend:backend.apps.admin_ui.routers.profile_api:api_profile_settings_update; frontend:frontend/app/src/api/services/profile.ts
admin_ui,GET,/api/questions,other,Api Questions,session cookie or bearer token,none,200: application/json:none,"backend:backend.apps.admin_ui.routers.content_api:api_questions; frontend:frontend/app/src/api/services/system.ts, frontend/app/src/app/routes/app/question-new.tsx, frontend/app/src/app/routes/app/questions.tsx, frontend/app/src/app/routes/app/test-builder-graph.tsx, frontend/app/src/app/routes/app/test-builder.tsx"
admin_ui,POST,/api/questions,other,Api Question Create,session cookie or bearer token + CSRF,none,201: application/json:none,"backend:backend.apps.admin_ui.routers.content_api:api_question_create; frontend:frontend/app/src/api/services/system.ts, frontend/app/src/app/routes/app/question-new.tsx, frontend/app/src/app/routes/app/questions.tsx, frontend/app/src/app/routes/app/test-builder-graph.tsx, frontend/app/src/app/routes/app/test-builder.tsx"
admin_ui,POST,/api/questions/reorder,other,Api Questions Reorder,session cookie or bearer token + CSRF,none,200: application/json:none,backend:backend.apps.admin_ui.routers.content_api:api_questions_reorder; frontend:frontend/app/src/app/routes/app/test-builder.tsx
admin_ui,GET,/api/questions/{question_id},other,Api Question Detail,session cookie or bearer token,params: question_id(path:integer),200: application/json:none,"backend:backend.apps.admin_ui.routers.content_api:api_question_detail; frontend:frontend/app/src/app/routes/app/question-edit.tsx, frontend/app/src/app/routes/app/test-builder-graph.tsx, frontend/app/src/app/routes/app/test-builder.tsx"
admin_ui,PUT,/api/questions/{question_id},other,Api Question Update,session cookie or bearer token + CSRF,params: question_id(path:integer),200: application/json:none,"backend:backend.apps.admin_ui.routers.content_api:api_question_update; frontend:frontend/app/src/app/routes/app/question-edit.tsx, frontend/app/src/app/routes/app/test-builder-graph.tsx, frontend/app/src/app/routes/app/test-builder.tsx"
admin_ui,POST,/api/questions/{question_id}/clone,other,Api Question Clone,session cookie or bearer token + CSRF,params: question_id(path:integer),200: application/json:none,"backend:backend.apps.admin_ui.routers.content_api:api_question_clone; frontend:frontend/app/src/app/routes/app/questions.tsx, frontend/app/src/app/routes/app/test-builder.tsx"
admin_ui,GET,/api/recruiter-plan,other,Api Recruiter Plan,session cookie or bearer token,none,200: application/json:none,backend:backend.apps.admin_ui.routers.api_misc:api_recruiter_plan
admin_ui,DELETE,/api/recruiter-plan/entries/{entry_id},other,Api Recruiter Plan Delete,session cookie or bearer token + CSRF,params: entry_id(path:integer),200: application/json:none,backend:backend.apps.admin_ui.routers.api_misc:api_recruiter_plan_delete
admin_ui,POST,/api/recruiter-plan/{city_id}/entries,other,Api Recruiter Plan Add,session cookie or bearer token + CSRF,params: city_id(path:integer); body: application/json:PlanEntryPayload,200: application/json:none,backend:backend.apps.admin_ui.routers.api_misc:api_recruiter_plan_add
admin_ui,GET,/api/recruiters,other,Api Recruiters,session cookie or bearer token,none,200: application/json:none,"backend:backend.apps.admin_ui.routers.directory:api_recruiters; frontend:frontend/app/src/api/services/dashboard.ts, frontend/app/src/app/routes/app/calendar.tsx, frontend/app/src/app/routes/app/candidate-new.tsx, frontend/app/src/app/routes/app/city-edit.tsx, frontend/app/src/app/routes/app/city-new.tsx"
admin_ui,POST,/api/recruiters,other,Api Create Recruiter,session cookie or bearer token + CSRF,none,201: application/json:none,"backend:backend.apps.admin_ui.routers.directory:api_create_recruiter; frontend:frontend/app/src/api/services/dashboard.ts, frontend/app/src/app/routes/app/calendar.tsx, frontend/app/src/app/routes/app/candidate-new.tsx, frontend/app/src/app/routes/app/city-edit.tsx, frontend/app/src/app/routes/app/city-new.tsx"
admin_ui,DELETE,/api/recruiters/{recruiter_id},other,Api Delete Recruiter,session cookie or bearer token + CSRF,params: recruiter_id(path:integer),200: application/json:none,"backend:backend.apps.admin_ui.routers.directory:api_delete_recruiter; frontend:frontend/app/src/app/routes/app/recruiter-edit.tsx, frontend/app/src/app/routes/app/recruiters.tsx"
admin_ui,GET,/api/recruiters/{recruiter_id},other,Api Recruiter Detail,session cookie or bearer token,params: recruiter_id(path:integer),200: application/json:none,"backend:backend.apps.admin_ui.routers.directory:api_recruiter_detail; frontend:frontend/app/src/app/routes/app/recruiter-edit.tsx, frontend/app/src/app/routes/app/recruiters.tsx"
admin_ui,PUT,/api/recruiters/{recruiter_id},other,Api Update Recruiter,session cookie or bearer token + CSRF,params: recruiter_id(path:integer),200: application/json:none,"backend:backend.apps.admin_ui.routers.directory:api_update_recruiter; frontend:frontend/app/src/app/routes/app/recruiter-edit.tsx, frontend/app/src/app/routes/app/recruiters.tsx"
admin_ui,POST,/api/recruiters/{recruiter_id}/reset-password,other,Api Reset Recruiter Password,session cookie or bearer token + CSRF,params: recruiter_id(path:integer),200: application/json:none,backend:backend.apps.admin_ui.routers.directory:api_reset_recruiter_password; frontend:frontend/app/src/app/routes/app/recruiter-edit.tsx
admin_ui,POST,/api/simulator/runs,other,Simulator Create Run,session cookie or bearer token + CSRF,none,200: application/json:none,backend:backend.apps.admin_ui.routers.simulator:simulator_create_run; frontend:frontend/app/src/app/routes/app/simulator.tsx
admin_ui,GET,/api/simulator/runs/{run_id},other,Simulator Get Run,session cookie or bearer token,params: run_id(path:integer),200: application/json:none,backend:backend.apps.admin_ui.routers.simulator:simulator_get_run
admin_ui,GET,/api/simulator/runs/{run_id}/report,other,Simulator Get Report,session cookie or bearer token,params: run_id(path:integer),200: application/json:none,backend:backend.apps.admin_ui.routers.simulator:simulator_get_report; frontend:frontend/app/src/app/routes/app/simulator.tsx
admin_ui,POST,/api/slot-assignments,scheduling,Api Create Slot Assignment,session cookie or bearer token + CSRF,body: application/json:SlotAssignmentCreateRequest,200: application/json:none,backend:backend.apps.admin_ui.routers.slot_assignments:api_create_slot_assignment
admin_ui,POST,/api/slot-assignments/{assignment_id}/approve-reschedule,scheduling,Api Approve Reschedule,session cookie or bearer token + CSRF,params: assignment_id(path:integer); body: application/json:RescheduleDecisionRequest,200: application/json:none,backend:backend.apps.admin_ui.routers.slot_assignments:api_approve_reschedule
admin_ui,POST,/api/slot-assignments/{assignment_id}/confirm,scheduling,Confirm Assignment,session cookie or bearer token + CSRF,params: assignment_id(path:integer); body: application/json:ActionPayload,200: application/json:none,backend:backend.apps.admin_ui.routers.slot_assignments_api:confirm_assignment
admin_ui,POST,/api/slot-assignments/{assignment_id}/decline,scheduling,Decline Assignment,session cookie or bearer token + CSRF,params: assignment_id(path:integer); body: application/json:ActionPayload,200: application/json:none,backend:backend.apps.admin_ui.routers.slot_assignments_api:decline_assignment
admin_ui,POST,/api/slot-assignments/{assignment_id}/decline-reschedule,scheduling,Api Decline Reschedule,session cookie or bearer token + CSRF,params: assignment_id(path:integer); body: application/json:RescheduleDecisionRequest,200: application/json:none,backend:backend.apps.admin_ui.routers.slot_assignments:api_decline_reschedule
admin_ui,POST,/api/slot-assignments/{assignment_id}/propose-alternative,scheduling,Api Propose Alternative,session cookie or bearer token + CSRF,params: assignment_id(path:integer); body: application/json:AlternativeProposalRequest,200: application/json:none,backend:backend.apps.admin_ui.routers.slot_assignments:api_propose_alternative
admin_ui,POST,/api/slot-assignments/{assignment_id}/repair,scheduling,Api Repair Slot Assignment,session cookie or bearer token + CSRF,params: assignment_id(path:integer); body: application/json:SchedulingRepairRequest,200: application/json:none,backend:backend.apps.admin_ui.routers.slot_assignments:api_repair_slot_assignment
admin_ui,POST,/api/slot-assignments/{assignment_id}/request-reschedule,scheduling,Request Reschedule,session cookie or bearer token + CSRF,params: assignment_id(path:integer); body: application/json:ReschedulePayload,200: application/json:none,backend:backend.apps.admin_ui.routers.slot_assignments_api:request_reschedule
admin_ui,GET,/api/slots,scheduling,Api Slots,session cookie or bearer token,"params: recruiter_id(query:schema), status(query:schema), limit(query:integer), sort_dir(query:string)",200: application/json:none,backend:backend.apps.admin_ui.routers.api_misc:api_slots; frontend:frontend/app/src/api/services/slots.ts
admin_ui,POST,/api/slots/bulk,scheduling,Api Slots Bulk,session cookie or bearer token + CSRF,body: application/json:backend__apps__admin_ui__routers__api_misc__SlotsBulkPayload,200: application/json:none,backend:backend.apps.admin_ui.routers.api_misc:api_slots_bulk; frontend:frontend/app/src/api/services/slots.ts
admin_ui,POST,/api/slots/bulk_create,scheduling,Api Slots Bulk Create,session cookie or bearer token + CSRF,body: application/json:SlotsBulkCreatePayload,200: application/json:none,backend:backend.apps.admin_ui.routers.api_misc:api_slots_bulk_create; frontend:frontend/app/src/app/routes/app/slots-create.tsx
admin_ui,POST,/api/slots/manual-bookings,scheduling,Api Slots Manual Booking,session cookie or bearer token + CSRF,body: application/json:ManualSlotBookingPayload,200: application/json:none,backend:backend.apps.admin_ui.routers.api_misc:api_slots_manual_booking; frontend:frontend/app/src/api/services/slots.ts
admin_ui,DELETE,/api/slots/{slot_id},scheduling,Api Slot Delete,session cookie or bearer token + CSRF,"params: slot_id(path:integer), force(query:boolean)",200: application/json:none,backend:backend.apps.admin_ui.routers.api_misc:api_slot_delete; frontend:frontend/app/src/api/services/slots.ts
admin_ui,POST,/api/slots/{slot_id}/approve_booking,scheduling,Api Slot Approve,session cookie or bearer token + CSRF,params: slot_id(path:integer),200: application/json:none,backend:backend.apps.admin_ui.routers.api_misc:api_slot_approve
admin_ui,POST,/api/slots/{slot_id}/book,scheduling,Api Slot Book,session cookie or bearer token + CSRF,params: slot_id(path:integer); body: application/json:SlotBookPayload,200: application/json:none,backend:backend.apps.admin_ui.routers.api_misc:api_slot_book
admin_ui,POST,/api/slots/{slot_id}/outcome,scheduling,Api Slot Outcome,session cookie or bearer token + CSRF,params: slot_id(path:integer); body: application/json:SlotOutcomePayload,200: application/json:none,backend:backend.apps.admin_ui.routers.api_misc:api_slot_outcome
admin_ui,POST,/api/slots/{slot_id}/propose,scheduling,Api Slot Propose,session cookie or bearer token + CSRF,params: slot_id(path:integer); body: application/json:SlotProposePayload,200: application/json:none,backend:backend.apps.admin_ui.routers.api_misc:api_slot_propose
admin_ui,POST,/api/slots/{slot_id}/reject_booking,scheduling,Api Slot Reject,session cookie or bearer token + CSRF,params: slot_id(path:integer),200: application/json:none,backend:backend.apps.admin_ui.routers.api_misc:api_slot_reject; frontend:frontend/app/src/api/services/slots.ts
admin_ui,POST,/api/slots/{slot_id}/reschedule,scheduling,Api Slot Reschedule,session cookie or bearer token + CSRF,params: slot_id(path:integer); body: application/json:SlotReschedulePayload,200: application/json:none,backend:backend.apps.admin_ui.routers.api_misc:api_slot_reschedule; frontend:frontend/app/src/api/services/slots.ts
admin_ui,GET,/api/staff/attachments/{attachment_id},other,Api Staff Attachment,session cookie or bearer token,params: attachment_id(path:integer),200: application/json:none,backend:backend.apps.admin_ui.routers.api_misc:api_staff_attachment
admin_ui,POST,/api/staff/messages/{message_id}/candidate/accept,other,Api Staff Candidate Task Accept,session cookie or bearer token + CSRF,params: message_id(path:integer); body: application/json:StaffCandidateDecisionPayload,200: application/json:none,backend:backend.apps.admin_ui.routers.api_misc:api_staff_candidate_task_accept
admin_ui,POST,/api/staff/messages/{message_id}/candidate/decline,other,Api Staff Candidate Task Decline,session cookie or bearer token + CSRF,params: message_id(path:integer); body: application/json:StaffCandidateDecisionPayload,200: application/json:none,backend:backend.apps.admin_ui.routers.api_misc:api_staff_candidate_task_decline
admin_ui,GET,/api/staff/threads,other,Api Staff Threads,session cookie or bearer token,none,200: application/json:none,backend:backend.apps.admin_ui.routers.api_misc:api_staff_threads
admin_ui,POST,/api/staff/threads,other,Api Staff Threads Create,session cookie or bearer token + CSRF,body: application/json:StaffThreadCreatePayload,200: application/json:none,backend:backend.apps.admin_ui.routers.api_misc:api_staff_threads_create
admin_ui,GET,/api/staff/threads/updates,other,Api Staff Threads Updates,session cookie or bearer token,"params: since(query:schema), timeout(query:integer)",200: application/json:none,backend:backend.apps.admin_ui.routers.api_misc:api_staff_threads_updates
admin_ui,POST,/api/staff/threads/{thread_id}/candidate,other,Api Staff Candidate Task,session cookie or bearer token + CSRF,params: thread_id(path:integer); body: application/json:StaffCandidateTaskPayload,200: application/json:none,backend:backend.apps.admin_ui.routers.api_misc:api_staff_candidate_task
admin_ui,GET,/api/staff/threads/{thread_id}/members,other,Api Staff Thread Members,session cookie or bearer token,params: thread_id(path:integer),200: application/json:none,backend:backend.apps.admin_ui.routers.api_misc:api_staff_thread_members
admin_ui,POST,/api/staff/threads/{thread_id}/members,other,Api Staff Thread Members Add,session cookie or bearer token + CSRF,params: thread_id(path:integer); body: application/json:StaffThreadMembersPayload,200: application/json:none,backend:backend.apps.admin_ui.routers.api_misc:api_staff_thread_members_add
admin_ui,DELETE,/api/staff/threads/{thread_id}/members/{member_type}/{member_id},other,Api Staff Thread Member Remove,session cookie or bearer token + CSRF,"params: thread_id(path:integer), member_type(path:string), member_id(path:integer)",200: application/json:none,backend:backend.apps.admin_ui.routers.api_misc:api_staff_thread_member_remove
admin_ui,GET,/api/staff/threads/{thread_id}/messages,other,Api Staff Messages,session cookie or bearer token,"params: thread_id(path:integer), limit(query:integer), before(query:schema)",200: application/json:none,backend:backend.apps.admin_ui.routers.api_misc:api_staff_messages
admin_ui,POST,/api/staff/threads/{thread_id}/messages,other,Api Staff Send Message,session cookie or bearer token + CSRF,params: thread_id(path:integer),200: application/json:none,backend:backend.apps.admin_ui.routers.api_misc:api_staff_send_message
admin_ui,POST,/api/staff/threads/{thread_id}/read,other,Api Staff Mark Read,session cookie or bearer token + CSRF,params: thread_id(path:integer),200: application/json:none,backend:backend.apps.admin_ui.routers.api_misc:api_staff_mark_read
admin_ui,GET,/api/staff/threads/{thread_id}/updates,other,Api Staff Messages Updates,session cookie or bearer token,"params: thread_id(path:integer), since(query:schema), timeout(query:integer)",200: application/json:none,backend:backend.apps.admin_ui.routers.api_misc:api_staff_messages_updates
admin_ui,GET,/api/system/messenger-health,messages,Api System Messenger Health,session cookie or bearer token,none,200: application/json:none,backend:backend.apps.admin_ui.routers.api_misc:api_system_messenger_health; frontend:frontend/app/src/api/services/system.ts
admin_ui,POST,/api/system/messenger-health/{channel}/recover,messages,Api Recover Messenger Channel,session cookie or bearer token + CSRF,params: channel(path:string),200: application/json:none,backend:backend.apps.admin_ui.routers.api_misc:api_recover_messenger_channel
admin_ui,GET,/api/template_keys,other,Api Template Keys,session cookie or bearer token,none,200: application/json:none,backend:backend.apps.admin_ui.routers.content_api:api_template_keys
admin_ui,GET,/api/template_presets,other,Api Template Presets,session cookie or bearer token,none,200: application/json:none,backend:backend.apps.admin_ui.routers.content_api:api_template_presets
admin_ui,POST,/api/templates,other,Api Template Create,session cookie or bearer token + CSRF,none,201: application/json:none,backend:backend.apps.admin_ui.routers.content_api:api_template_create; frontend:frontend/app/src/app/routes/app/template-new.tsx
admin_ui,GET,/api/templates/list,other,List Templates,session cookie or bearer token,none,200: application/json:none,"backend:backend.apps.admin_ui.routers.content_api:api_templates_list; frontend:frontend/app/src/app/routes/app/cities.tsx, frontend/app/src/app/routes/app/city-edit.tsx"
admin_ui,GET,/api/templates/list,other,List Templates,session cookie or bearer token,none,200: application/json:none,"backend:backend.apps.admin_ui.app:list_templates; frontend:frontend/app/src/app/routes/app/cities.tsx, frontend/app/src/app/routes/app/city-edit.tsx"
admin_ui,DELETE,/api/templates/{template_id:int},other,api_template_delete,session cookie or bearer token + CSRF,none,unknown,backend:backend.apps.admin_ui.routers.content_api:api_template_delete; frontend:frontend/app/src/app/routes/app/template-edit.tsx
admin_ui,GET,/api/templates/{template_id:int},other,api_template_detail,session cookie or bearer token,none,unknown,backend:backend.apps.admin_ui.routers.content_api:api_template_detail; frontend:frontend/app/src/app/routes/app/template-edit.tsx
admin_ui,PUT,/api/templates/{template_id:int},other,api_template_update,session cookie or bearer token + CSRF,none,unknown,backend:backend.apps.admin_ui.routers.content_api:api_template_update; frontend:frontend/app/src/app/routes/app/template-edit.tsx
admin_ui,GET,/api/test-builder/graph,other,Api Test Builder Graph,session cookie or bearer token,params: test_id(query:string),200: application/json:none,backend:backend.apps.admin_ui.routers.content_api:api_test_builder_graph; frontend:frontend/app/src/app/routes/app/test-builder-graph.tsx
admin_ui,POST,/api/test-builder/graph/apply,other,Api Test Builder Graph Apply,session cookie or bearer token + CSRF,none,200: application/json:none,backend:backend.apps.admin_ui.routers.content_api:api_test_builder_graph_apply; frontend:frontend/app/src/app/routes/app/test-builder-graph.tsx
admin_ui,POST,/api/test-builder/graph/preview,other,Api Test Builder Graph Preview,session cookie or bearer token + CSRF,none,200: application/json:none,backend:backend.apps.admin_ui.routers.content_api:api_test_builder_graph_preview; frontend:frontend/app/src/app/routes/app/test-builder-graph.tsx
admin_ui,GET,/api/timezones,other,Api Timezones,session cookie or bearer token,none,200: application/json:none,"backend:backend.apps.admin_ui.routers.api_misc:api_timezones; frontend:frontend/app/src/api/services/profile.ts, frontend/app/src/app/routes/app/city-edit.tsx, frontend/app/src/app/routes/app/city-new.tsx, frontend/app/src/app/routes/app/recruiter-edit.tsx, frontend/app/src/app/routes/app/recruiter-new.tsx"
admin_ui,GET,/api/v1/admin/reschedule-requests,other,List Reschedule Requests,session cookie or bearer token,none,200: application/json:none,backend:backend.apps.admin_ui.routers.reschedule_requests:list_reschedule_requests
admin_ui,POST,/api/v1/admin/reschedule-requests/{request_id}/approve,other,Approve Reschedule Request,session cookie or bearer token + CSRF,params: request_id(path:integer),200: application/json:none,backend:backend.apps.admin_ui.routers.reschedule_requests:approve_reschedule_request
admin_ui,POST,/api/v1/admin/reschedule-requests/{request_id}/propose-new,other,Propose New Time,session cookie or bearer token + CSRF,params: request_id(path:integer); body: application/json:NewProposalPayload,200: application/json:none,backend:backend.apps.admin_ui.routers.reschedule_requests:propose_new_time
admin_ui,GET,/api/vacancies,vacancies,Api List Vacancies,session cookie or bearer token,params: city_id(query:schema),200: application/json:none,backend:backend.apps.admin_ui.routers.api_misc:api_list_vacancies; frontend:frontend/app/src/app/routes/app/vacancies.tsx
admin_ui,POST,/api/vacancies,vacancies,Api Create Vacancy,session cookie or bearer token + CSRF,none,200: application/json:none,backend:backend.apps.admin_ui.routers.api_misc:api_create_vacancy; frontend:frontend/app/src/app/routes/app/vacancies.tsx
admin_ui,DELETE,/api/vacancies/{vacancy_id},vacancies,Api Delete Vacancy,session cookie or bearer token + CSRF,params: vacancy_id(path:integer),200: application/json:none,backend:backend.apps.admin_ui.routers.api_misc:api_delete_vacancy; frontend:frontend/app/src/app/routes/app/vacancies.tsx
admin_ui,PUT,/api/vacancies/{vacancy_id},vacancies,Api Update Vacancy,session cookie or bearer token + CSRF,params: vacancy_id(path:integer),200: application/json:none,backend:backend.apps.admin_ui.routers.api_misc:api_update_vacancy; frontend:frontend/app/src/app/routes/app/vacancies.tsx
admin_ui,GET,/api/vacancies/{vacancy_id}/questions/{test_id},vacancies,Api Get Vacancy Questions,session cookie or bearer token,"params: vacancy_id(path:integer), test_id(path:string)",200: application/json:none,backend:backend.apps.admin_ui.routers.api_misc:api_get_vacancy_questions
admin_ui,GET,/app,other,spa_index,none/implicit,none,unknown,backend:backend.apps.admin_ui.app:spa_index
admin_ui,GET,/app/{path:path},other,spa_assets,none/implicit,none,unknown,backend:backend.apps.admin_ui.app:spa_assets
admin_ui,GET,/apple-touch-icon-precomposed.png,other,apple_touch_icon_precomposed,none/implicit,none,unknown,backend:backend.apps.admin_ui.app:apple_touch_icon_precomposed
admin_ui,GET,/apple-touch-icon.png,other,apple_touch_icon,none/implicit,none,unknown,backend:backend.apps.admin_ui.app:apple_touch_icon
admin_ui,GET,/auth/login,auth,Login Form,public login endpoint,params: redirect_to(query:string),200: text/html:string,backend:backend.apps.admin_ui.routers.auth:login_form
admin_ui,POST,/auth/login,auth,Login,public login endpoint,body: application/x-www-form-urlencoded:Body_login_auth_login_post,200: application/json:none,backend:backend.apps.admin_ui.routers.auth:login
admin_ui,POST,/auth/logout,auth,Logout,session cookie,none,200: application/json:none,backend:backend.apps.admin_ui.routers.auth:logout
admin_ui,POST,/auth/token,auth,Login For Access Token,public login endpoint,body: application/x-www-form-urlencoded:Body_login_for_access_token_auth_token_post,200: application/json:none,backend:backend.apps.admin_ui.routers.auth:login_for_access_token
admin_ui,GET,/candidate,other,candidate_spa_index,none/implicit,none,unknown,backend:backend.apps.admin_ui.app:candidate_spa_index
admin_ui,GET,/candidate/{path:path},other,candidate_spa_assets,none/implicit,none,unknown,backend:backend.apps.admin_ui.app:candidate_spa_assets
admin_ui,GET,/candidates,candidates,Candidates List,session cookie or bearer token,"params: page(query:integer), per_page(query:integer), search(query:schema), city(query:schema), active(query:schema), rating(query:schema), has_tests(query:schema), has_messages(query:schema), stage(query:schema), status(query:schema), recruiter_id(query:schema), city_id(query:schema), date_from(query:schema), date_to(query:schema), test1_status(query:schema), test2_status(query:schema), sort(query:schema), sort_dir(query:schema), view(query:string), calendar_mode(query:string), pipeline(query:string)",200: text/html:string,backend:backend.apps.admin_ui.routers.candidates:candidates_list
admin_ui,POST,/candidates/create,candidates,Candidates Create,session cookie or bearer token + CSRF,body: application/x-www-form-urlencoded:Body_candidates_create_candidates_create_post,200: application/json:none,backend:backend.apps.admin_ui.routers.candidates:candidates_create
admin_ui,POST,/candidates/delete-all,candidates,Candidates Delete All,session cookie or bearer token + CSRF,none,200: application/json:none,backend:backend.apps.admin_ui.routers.candidates:candidates_delete_all
admin_ui,GET,/candidates/detailization,candidates,Candidates Detailization,session cookie or bearer token,"params: status(query:schema), search(query:schema), page(query:integer), per_page(query:integer)",200: text/html:string,backend:backend.apps.admin_ui.routers.candidates:candidates_detailization
admin_ui,GET,/candidates/new,candidates,Candidates New,session cookie or bearer token,none,200: text/html:string,backend:backend.apps.admin_ui.routers.candidates:candidates_new
admin_ui,GET,/candidates/{candidate_id},candidates,Candidates Detail,session cookie or bearer token,params: candidate_id(path:integer),200: text/html:string,backend:backend.apps.admin_ui.routers.candidates:candidates_detail
admin_ui,POST,/candidates/{candidate_id}/actions/approve_upcoming_slot,candidates,Candidates Approve Upcoming Slot,session cookie or bearer token + CSRF,params: candidate_id(path:integer),200: application/json:none,backend:backend.apps.admin_ui.routers.candidates:candidates_approve_upcoming_slot
admin_ui,POST,/candidates/{candidate_id}/actions/{action_key},candidates,Api Candidate Action,session cookie or bearer token + CSRF,"params: candidate_id(path:integer), action_key(path:string)",200: application/json:none,backend:backend.apps.admin_ui.routers.candidates:api_candidate_action
admin_ui,POST,/candidates/{candidate_id}/actions/{action},candidates,Apply Action,session cookie or bearer token + CSRF,"params: candidate_id(path:integer), action(path:string)",200: application/json:none,backend:backend.apps.admin_ui.routers.workflow:apply_action
admin_ui,POST,/candidates/{candidate_id}/assign-city,candidates,Candidates Assign City,session cookie or bearer token + CSRF,params: candidate_id(path:integer); body: application/x-www-form-urlencoded:schema,200: text/html:string,backend:backend.apps.admin_ui.routers.candidates:candidates_assign_city
admin_ui,POST,/candidates/{candidate_id}/delete,candidates,Candidates Delete,session cookie or bearer token + CSRF,params: candidate_id(path:integer),200: application/json:none,backend:backend.apps.admin_ui.routers.candidates:candidates_delete
admin_ui,POST,/candidates/{candidate_id}/interview-notes,candidates,Candidates Save Interview Notes,session cookie or bearer token + CSRF,params: candidate_id(path:integer),200: application/json:none,backend:backend.apps.admin_ui.routers.candidates:candidates_save_interview_notes
admin_ui,GET,/candidates/{candidate_id}/interview-notes/download,candidates,Candidates Download Interview Notes,session cookie or bearer token,params: candidate_id(path:integer),200: application/json:none,backend:backend.apps.admin_ui.routers.candidates:candidates_download_interview_notes
admin_ui,POST,/candidates/{candidate_id}/invite-token,candidates,Candidates Invite Token,session cookie or bearer token + CSRF,params: candidate_id(path:integer),200: application/json:none,backend:backend.apps.admin_ui.routers.candidates:candidates_invite_token
admin_ui,GET,/candidates/{candidate_id}/reports/{report_key},candidates,Candidates Download Report,session cookie or bearer token,"params: candidate_id(path:integer), report_key(path:string)",200: application/json:none,backend:backend.apps.admin_ui.routers.candidates:candidates_download_report
admin_ui,GET,/candidates/{candidate_id}/resend-test2,candidates,Candidates Resend Test2,session cookie or bearer token,params: candidate_id(path:integer),200: application/json:none,backend:backend.apps.admin_ui.routers.candidates:candidates_resend_test2
admin_ui,GET,/candidates/{candidate_id}/schedule-intro-day,candidates,Candidates Schedule Intro Day Form,session cookie or bearer token,params: candidate_id(path:integer),200: text/html:string,backend:backend.apps.admin_ui.routers.candidates:candidates_schedule_intro_day_form
admin_ui,POST,/candidates/{candidate_id}/schedule-intro-day,candidates,Candidates Schedule Intro Day Submit,session cookie or bearer token + CSRF,params: candidate_id(path:integer),200: application/json:none,backend:backend.apps.admin_ui.routers.candidates:candidates_schedule_intro_day_submit
admin_ui,GET,/candidates/{candidate_id}/schedule-slot,candidates,Candidates Schedule Slot Form,session cookie or bearer token,params: candidate_id(path:integer),200: text/html:string,backend:backend.apps.admin_ui.routers.candidates:candidates_schedule_slot_form
admin_ui,POST,/candidates/{candidate_id}/schedule-slot,candidates,Candidates Schedule Slot Submit,session cookie or bearer token + CSRF,params: candidate_id(path:integer),200: application/json:none,backend:backend.apps.admin_ui.routers.candidates:candidates_schedule_slot_submit
admin_ui,POST,/candidates/{candidate_id}/slots/{slot_id}/approve,candidates,Candidates Approve Slot,session cookie or bearer token + CSRF,"params: candidate_id(path:integer), slot_id(path:integer)",200: application/json:none,backend:backend.apps.admin_ui.routers.candidates:candidates_approve_slot
admin_ui,GET,/candidates/{candidate_id}/state,candidates,Get Candidate State,session cookie or bearer token,params: candidate_id(path:integer),200: application/json:none,backend:backend.apps.admin_ui.routers.workflow:get_candidate_state
admin_ui,POST,/candidates/{candidate_id}/status,candidates,Candidates Set Status,session cookie or bearer token + CSRF,params: candidate_id(path:integer),200: application/json:none,backend:backend.apps.admin_ui.routers.candidates:candidates_set_status
admin_ui,POST,/candidates/{candidate_id}/toggle,candidates,Candidates Toggle,session cookie or bearer token + CSRF,params: candidate_id(path:integer); body: application/x-www-form-urlencoded:schema,200: application/json:none,backend:backend.apps.admin_ui.routers.candidates:candidates_toggle
admin_ui,POST,/candidates/{candidate_id}/update,candidates,Candidates Update,session cookie or bearer token + CSRF,params: candidate_id(path:integer); body: application/x-www-form-urlencoded:Body_candidates_update_candidates__candidate_id__update_post,200: application/json:none,backend:backend.apps.admin_ui.routers.candidates:candidates_update
admin_ui,GET,/cities,other,Cities List,session cookie or bearer token,none,200: text/html:string,backend:backend.apps.admin_ui.routers.cities:cities_list
admin_ui,POST,/cities/create,other,Cities Create,session cookie or bearer token + CSRF,none,200: application/json:none,backend:backend.apps.admin_ui.routers.cities:cities_create
admin_ui,GET,/cities/new,other,Cities New,session cookie or bearer token,none,200: text/html:string,backend:backend.apps.admin_ui.routers.cities:cities_new
admin_ui,POST,/cities/{city_id}/delete,other,Cities Delete,session cookie or bearer token + CSRF,params: city_id(path:integer),200: application/json:none,backend:backend.apps.admin_ui.routers.cities:cities_delete
admin_ui,GET,/cities/{city_id}/edit,other,Cities Edit Page,session cookie or bearer token,params: city_id(path:integer),200: text/html:string,backend:backend.apps.admin_ui.routers.cities:cities_edit_page
admin_ui,POST,/cities/{city_id}/edit,other,Cities Edit Submit,session cookie or bearer token + CSRF,params: city_id(path:integer),200: text/html:string,backend:backend.apps.admin_ui.routers.cities:cities_edit_submit
admin_ui,POST,/cities/{city_id}/owner,other,Update City Owner,session cookie or bearer token + CSRF,params: city_id(path:integer),200: application/json:none,backend:backend.apps.admin_ui.routers.cities:update_city_owner
admin_ui,POST,/cities/{city_id}/settings,other,Update City Settings,session cookie or bearer token + CSRF,params: city_id(path:integer),200: application/json:none,backend:backend.apps.admin_ui.routers.cities:update_city_settings
admin_ui,POST,/cities/{city_id}/status,other,Update City Status Api,session cookie or bearer token + CSRF,params: city_id(path:integer),200: application/json:none,backend:backend.apps.admin_ui.routers.cities:update_city_status_api
admin_ui,GET,/dashboard,other,Dashboard Alias,session cookie or bearer token,none,200: text/html:string,backend:backend.apps.admin_ui.routers.dashboard:dashboard_alias
admin_ui,GET,/dashboard/funnel,other,Dashboard Funnel,session cookie or bearer token,"params: from(query:schema), to(query:schema), city(query:schema), recruiter(query:schema), source(query:schema)",200: application/json:none,backend:backend.apps.admin_ui.routers.dashboard:dashboard_funnel
admin_ui,GET,/dashboard/funnel/step,other,Dashboard Funnel Step,session cookie or bearer token,"params: step(query:string), from(query:schema), to(query:schema), city(query:schema), recruiter(query:schema), source(query:schema)",200: application/json:none,backend:backend.apps.admin_ui.routers.dashboard:dashboard_funnel_step
admin_ui,GET,/favicon.ico,other,favicon_redirect,none/implicit,none,unknown,backend:backend.apps.admin_ui.routers.system:favicon_redirect
admin_ui,GET,/health,analytics,health_check,none/implicit,none,unknown,backend:backend.apps.admin_ui.routers.system:health_check
admin_ui,GET,/health/bot,other,bot_health,none/implicit,none,unknown,backend:backend.apps.admin_ui.routers.system:bot_health
admin_ui,GET,/health/notifications,other,notifications_health,none/implicit,none,unknown,backend:backend.apps.admin_ui.routers.system:notifications_health
admin_ui,GET,/healthz,other,liveness_probe,none/implicit,none,unknown,backend:backend.apps.admin_ui.routers.system:liveness_probe
admin_ui,GET,/icons/{path:path},other,spa_icons,none/implicit,none,unknown,backend:backend.apps.admin_ui.app:spa_icons
admin_ui,GET,/manifest.json,other,spa_manifest,none/implicit,none,unknown,backend:backend.apps.admin_ui.app:spa_manifest
admin_ui,GET,/message-templates,other,Message Templates List,session cookie or bearer token,"params: city(query:schema), key(query:schema), channel(query:schema), status(query:schema)",200: text/html:string,backend:backend.apps.admin_ui.routers.message_templates:message_templates_list
admin_ui,POST,/message-templates/create,other,Message Templates Create,session cookie or bearer token + CSRF,none,200: application/json:none,backend:backend.apps.admin_ui.routers.message_templates:message_templates_create
admin_ui,GET,/message-templates/new,other,Message Templates New,session cookie or bearer token,params: copy_from(query:schema),200: text/html:string,backend:backend.apps.admin_ui.routers.message_templates:message_templates_new
admin_ui,POST,/message-templates/{template_id}/delete,other,Message Templates Delete,session cookie or bearer token + CSRF,params: template_id(path:integer),200: application/json:none,backend:backend.apps.admin_ui.routers.message_templates:message_templates_delete
admin_ui,GET,/message-templates/{template_id}/edit,other,Message Templates Edit,session cookie or bearer token,params: template_id(path:integer),200: text/html:string,backend:backend.apps.admin_ui.routers.message_templates:message_templates_edit
admin_ui,POST,/message-templates/{template_id}/update,other,Message Templates Update,session cookie or bearer token + CSRF,params: template_id(path:integer),200: application/json:none,backend:backend.apps.admin_ui.routers.message_templates:message_templates_update
admin_ui,GET,/metrics,other,metrics,none/implicit,none,unknown,backend:backend.apps.admin_ui.routers.metrics:metrics
admin_ui,GET,/metrics/notifications,other,notifications_metrics,none/implicit,none,unknown,backend:backend.apps.admin_ui.routers.system:notifications_metrics
admin_ui,GET,/profile,other,profile,none/implicit,none,unknown,backend:backend.apps.admin_ui.routers.profile:profile
admin_ui,GET,/questions,other,Questions List,session cookie or bearer token,none,200: text/html:string,backend:backend.apps.admin_ui.routers.questions:questions_list
admin_ui,GET,/questions/{question_id}/edit,other,Questions Edit,session cookie or bearer token,params: question_id(path:integer),200: text/html:string,backend:backend.apps.admin_ui.routers.questions:questions_edit
admin_ui,POST,/questions/{question_id}/update,other,Questions Update,session cookie or bearer token + CSRF,params: question_id(path:integer),200: application/json:none,backend:backend.apps.admin_ui.routers.questions:questions_update
admin_ui,GET,/ready,other,readiness_probe,none/implicit,none,unknown,backend:backend.apps.admin_ui.routers.system:readiness_probe
admin_ui,GET,/recruiters,other,Recruiters List,session cookie or bearer token,none,200: text/html:string,backend:backend.apps.admin_ui.routers.recruiters:recruiters_list
admin_ui,POST,/recruiters/create,other,Recruiters Create,session cookie or bearer token + CSRF,none,200: application/json:none,backend:backend.apps.admin_ui.routers.recruiters:recruiters_create
admin_ui,GET,/recruiters/new,other,Recruiters New,session cookie or bearer token,none,200: text/html:string,backend:backend.apps.admin_ui.routers.recruiters:recruiters_new
admin_ui,POST,/recruiters/{rec_id}/delete,other,Recruiters Delete,session cookie or bearer token + CSRF,params: rec_id(path:integer),200: application/json:none,backend:backend.apps.admin_ui.routers.recruiters:recruiters_delete
admin_ui,GET,/recruiters/{rec_id}/edit,other,Recruiters Edit,session cookie or bearer token,params: rec_id(path:integer),200: text/html:string,backend:backend.apps.admin_ui.routers.recruiters:recruiters_edit
admin_ui,POST,/recruiters/{rec_id}/update,other,Recruiters Update,session cookie or bearer token + CSRF,params: rec_id(path:integer),200: application/json:none,backend:backend.apps.admin_ui.routers.recruiters:recruiters_update
admin_ui,GET,/rest/oauth2-credential/callback,other,hh_oauth_callback_compat,none/implicit,none,unknown,backend:backend.apps.admin_ui.routers.hh_integration:hh_oauth_callback_compat
admin_ui,GET,/slots,scheduling,Slots List,session cookie or bearer token,"params: recruiter_id(query:schema), status(query:schema), city_id(query:schema), page(query:integer), per_page(query:integer)",200: text/html:string,backend:backend.apps.admin_ui.routers.slots:slots_list
admin_ui,POST,/slots,scheduling,Slots Api Create,session cookie or bearer token + CSRF,body: application/json:SlotCreatePayload,201: application/json:none,backend:backend.apps.admin_ui.routers.slots:slots_api_create
admin_ui,POST,/slots/bulk,scheduling,Slots Bulk Action,session cookie or bearer token + CSRF,body: application/json:backend__apps__admin_ui__routers__slots__SlotsBulkPayload,200: application/json:none,backend:backend.apps.admin_ui.routers.slots:slots_bulk_action
admin_ui,POST,/slots/bulk_create,scheduling,Slots Bulk Create,session cookie or bearer token + CSRF,body: application/x-www-form-urlencoded:Body_slots_bulk_create_slots_bulk_create_post,200: application/json:none,backend:backend.apps.admin_ui.routers.slots:slots_bulk_create
admin_ui,POST,/slots/create,scheduling,Slots Create,session cookie or bearer token + CSRF,body: application/x-www-form-urlencoded:schema,200: application/json:none,backend:backend.apps.admin_ui.routers.slots:slots_create
admin_ui,POST,/slots/delete_all,scheduling,Slots Delete All,session cookie or bearer token + CSRF,body: application/json:BulkDeletePayload,200: application/json:none,backend:backend.apps.admin_ui.routers.slots:slots_delete_all
admin_ui,GET,/slots/new,scheduling,Slots New,session cookie or bearer token,none,200: text/html:string,backend:backend.apps.admin_ui.routers.slots:slots_new
admin_ui,DELETE,/slots/{slot_id},scheduling,Slots Delete,session cookie or bearer token + CSRF,"params: slot_id(path:integer), force(query:schema)",200: application/json:none,backend:backend.apps.admin_ui.routers.slots:slots_delete
admin_ui,GET,/slots/{slot_id},scheduling,Slots Api Detail,session cookie or bearer token,params: slot_id(path:integer),200: application/json:none,backend:backend.apps.admin_ui.routers.slots:slots_api_detail
admin_ui,PUT,/slots/{slot_id},scheduling,Slots Api Update,session cookie or bearer token + CSRF,params: slot_id(path:integer); body: application/json:SlotUpdatePayload,200: application/json:none,backend:backend.apps.admin_ui.routers.slots:slots_api_update
admin_ui,POST,/slots/{slot_id}/approve_booking,scheduling,Slots Approve Booking,session cookie or bearer token + CSRF,params: slot_id(path:integer),200: application/json:none,backend:backend.apps.admin_ui.routers.slots:slots_approve_booking
admin_ui,POST,/slots/{slot_id}/book,scheduling,Slots Book Candidate,session cookie or bearer token + CSRF,params: slot_id(path:integer); body: application/json:BookSlotPayload,200: application/json:none,backend:backend.apps.admin_ui.routers.slots:slots_book_candidate
admin_ui,POST,/slots/{slot_id}/delete,scheduling,Slots Delete Form,session cookie or bearer token + CSRF,params: slot_id(path:integer); body: application/x-www-form-urlencoded:schema,200: application/json:none,backend:backend.apps.admin_ui.routers.slots:slots_delete_form
admin_ui,POST,/slots/{slot_id}/outcome,scheduling,Slots Set Outcome,session cookie or bearer token + CSRF,params: slot_id(path:integer); body: application/json:OutcomePayload,200: application/json:none,backend:backend.apps.admin_ui.routers.slots:slots_set_outcome
admin_ui,POST,/slots/{slot_id}/propose,scheduling,Slots Propose Candidate,session cookie or bearer token + CSRF,params: slot_id(path:integer); body: application/json:ProposeSlotPayload,200: application/json:none,backend:backend.apps.admin_ui.routers.slots:slots_propose_candidate
admin_ui,POST,/slots/{slot_id}/reject_booking,scheduling,Slots Reject Booking,session cookie or bearer token + CSRF,params: slot_id(path:integer),200: application/json:none,backend:backend.apps.admin_ui.routers.slots:slots_reject_booking
admin_ui,POST,/slots/{slot_id}/reschedule,scheduling,Slots Reschedule,session cookie or bearer token + CSRF,params: slot_id(path:integer),200: application/json:none,backend:backend.apps.admin_ui.routers.slots:slots_reschedule
